"id","pubyear","title"
"WOS:000248940700014","2007","BIM as learning media for building construction"
"WOS:000258052600005","2008","Digital construction through BIM systems will drive the re-engineering of construction business practices"
"WOS:000262290400007","2008","A Study on Application of BIM(Building Information Modeling) to Pre-design in Construction Project"
"WOS:000210021300036","2009","EVALUATING INDUSTRY PERCEPTIONS OF BUILDING INFORMATION MODELING (BIM) IMPACT ON CONSTRUCTION"
"WOS:000263259200008","2009","Reconstruction of 3D objects from multi-frequency experimental data with a fast DBIM-BCGS method"
"WOS:000266703300054","2009","EU-project STAND-INN-Integration of standards for sustainable construction into business processes using BIM/IFC"
"WOS:000278076200002","2010","SOA4BIM: Putting the building and construction industry in the Single European Information Space"
"WOS:000313637300023","2010","BIM-AND-4D-BASED INTEGRATED SOLUTION OF ANALYSIS AND MANAGEMENT FOR CONFLICTS AND STRUCTURAL SAFETY PROBLEMS DURING CONSTRUCTION: 2. SITE TRIALS"
"WOS:000313637300022","2010","BIM-AND-4D-BASED INTEGRATED SOLUTION OF ANALYSIS AND MANAGEMENT FOR CONFLICTS AND STRUCTURAL SAFETY PROBLEMS DURING CONSTRUCTION: 1. PRINCIPLES AND METHODOLOGIES"
"WOS:000279413300004","2010","Integrating resource production and construction using BIM"
"WOS:000313637300021","2010","BIM, CIC AND INFORMATION SYSTEMS IN CONSTRUCTION"
"WOS:000313637300018","2010","MEASURING BIM'S LEARNING EFFECT FOR CONSTRUCTION WORKS: A CONCEPTUAL MODEL"
"WOS:000285223900001","2010","Special Issue: The role of VR and BIM to manage the construction and design processes"
"WOS:000303181700049","2010","Research and Application on 6D Integrated System in Metro Construction Based on BIM"
"WOS:000283003800098","2010","Implementation of Building Information Modeling (BIM) in Construction: A Comparative Case Study"
"WOS:000275657700008","2010","Organizational Divisions in BIM-Enabled Commercial Construction"
"WOS:000213069500004","2010","Tool for Benchmarking BIM Performance of Design, Engineering and Construction Firms in The Netherlands"
"WOS:000210023400018","2010","QUANTITATIVE EVALUATION OF THE BIM-ASSISTED CONSTRUCTION DETAILED COST ESTIMATES"
"WOS:000313637300024","2010","TECHNICAL FEATURES OF BIM-SERVERS FOR COLLABORATION ON BUILDING AND CONSTRUCTION PROJECTS"
"WOS:000288294100004","2011","Teaching construction project management with BIM support: Experience and lessons learned"
"WOS:000392455900031","2011","Utilization of Visual Object Information for Civil Engineering BIM Implementation in Construction Lifecycle Stages"
"WOS:000288294100008","2011","BIM- and 4D-based integrated solution of analysis and management for conflicts and structural safety problems during construction: 1. Principles and methodologies"
"WOS:000288294100009","2011","BIM- and 4D-based integrated solution of analysis and management for conflicts and structural safety problems during construction: 2. Development and site trials"
"WOS:000288884700269","2011","BIM Digital technology in the construction industry in the field of application"
"WOS:000292869000027","2011","A BIMODAL RECONSTRUCTION METHOD FOR BREAST CANCER IMAGING"
"WOS:000294199700018","2011","Impact of BIMs on Business Models in Construction Industry"
"WOS:000309944000027","2011","INTEGRATION OF BIM AND DSM TO IMPROVE DESIGN PROCESS IN BUILDING CONSTRUCTION PROJECTS"
"WOS:000310762400177","2011","BIM APPLICATION AND PRACTICAL UTILIZATION FOR CONSTRUCTION PROJECT"
"WOS:000337074100001","2011","BIM-BASED SAFETY MANAGEMENT AND COMMUNICATION FOR BUILDING CONSTRUCTION"
"WOS:000337074100001","2011","BIM-based Safety Management and Communication for Building Construction Preface"
"WOS:000337074100002","2011","BIM-BASED SAFETY MANAGEMENT AND COMMUNICATION FOR BUILDING CONSTRUCTION"
"WOS:000337074100002","2011","BIM-based Safety Management and Communication for Building Construction Executive summary"
"WOS:000337074100003","2011","BIM-BASED SAFETY MANAGEMENT AND COMMUNICATION FOR BUILDING CONSTRUCTION"
"WOS:000337074100003","2011","BIM-based Safety Management and Communication for Building Construction Introduction"
"WOS:000337074100004","2011","BIM-BASED SAFETY MANAGEMENT AND COMMUNICATION FOR BUILDING CONSTRUCTION"
"WOS:000337074100005","2011","BIM-BASED SAFETY MANAGEMENT AND COMMUNICATION FOR BUILDING CONSTRUCTION"
"WOS:000337074100006","2011","BIM-BASED SAFETY MANAGEMENT AND COMMUNICATION FOR BUILDING CONSTRUCTION"
"WOS:000337074100007","2011","BIM-BASED SAFETY MANAGEMENT AND COMMUNICATION FOR BUILDING CONSTRUCTION"
"WOS:000337074100008","2011","BIM-BASED SAFETY MANAGEMENT AND COMMUNICATION FOR BUILDING CONSTRUCTION"
"WOS:000337074100009","2011","BIM-BASED SAFETY MANAGEMENT AND COMMUNICATION FOR BUILDING CONSTRUCTION"
"WOS:000337074100009","2011","BIM-based Safety Management and Communication for Building Construction Discussion"
"WOS:000337074100010","2011","BIM-BASED SAFETY MANAGEMENT AND COMMUNICATION FOR BUILDING CONSTRUCTION"
"WOS:000337074100010","2011","BIM-based Safety Management and Communication for Building Construction Conclusions and recommendations"
"WOS:000337074100011","2011","BIM-Based Safety Management and Communication for Building Construction"
"WOS:000337074100011","2011","BIM-BASED SAFETY MANAGEMENT AND COMMUNICATION FOR BUILDING CONSTRUCTION"
"WOS:000421998700002","2011","USING BIM MODEL AND GENETIC ALGORITHMS TO OPTIMIZE THE CREW ASSIGNMENT FOR CONSTRUCTION PROJECT PLANNING"
"WOS:000420486500025","2011","ON THE USE OF OPEN BIM AND 4D VISUALISATION IN A PREDICTIVE LIFE CYCLE MANAGEMENT SYSTEM FOR CONSTRUCTION WORKS"
"WOS:000392455900033","2011","Development and Application of Active Allocation Model for Construction Workspaces in BIM Environment"
"WOS:000312178300003","2012","Development of a BIM-based structural framework optimization and simulation system for building construction"
"WOS:000319225502045","2012","AUTOMATIC GENERATION OF DYNAMIC VIRTUAL FENCES AS PART OF BIM-BASED PREVENTION PROGRAM FOR CONSTRUCTION SAFETY"
"WOS:000319225503013","2012","INTELLIGENT BIM-BASED CONSTRUCTION SCHEDULING USING DISCRETE EVENT SIMULATION"
"WOS:000324566700076","2012","A Review on Document and Information Management in the Construction Industry: From Paper-based Documents to BIM-based Approach"
"WOS:000324566700095","2012","A BIM-based Construction Workflow Management Approach"
"WOS:000330322400077","2012","A Case Study of Using BIM in Historical Reconstruction The Vinohrady synagogue in Prague"
"WOS:000210029500005","2012","BUILDING INFORMATION MODELLING (BIM) IMPLEMENTATION AND REMOTE CONSTRUCTION PROJECTS: ISSUES, CHALLENGES, AND CRITIQUES"
"WOS:000210029500023","2012","OPTIMIZING LOCATION OF TOWER CRANES ON CONSTRUCTION SITES THROUGH GIS AND BIM INTEGRATION"
"WOS:000380253706051","2012","VIRTUAL CONSTRUCTION plus COLLABORATION LAB: SETTING A NEW PARADIGM FOR BIM EDUCATION"
"WOS:000211652500003","2012","Roadmap for implementation of BIM in the UK construction industry"
"WOS:000214202800004","2012","A BIM-based approach to reusing construction firm's management information"
"WOS:000219874900027","2012","From the geometry of pre-existing to the construction knowledge: an updated recovery from BIM"
"WOS:000347395400161","2012","Development and application of BIM-based highway construction management platform"
"WOS:000337164500057","2012","Increasing integration in construction projects: A case study on a PPP project adopting BIM"
"WOS:000337164500068","2012","Towards coordinated BIM based design and construction process"
"WOS:000301633300023","2012","A 3D analyzer for BIM-enabled Life Cycle Assessment of the whole process of construction"
"WOS:000337164500110","2012","BIM - a challenge for communication between parties involved in construction"
"WOS:000213676800007","2012","BIM Standard in Off-Site Construction"
"WOS:000310935900040","2012","The Application Of BIM In Intelligent Construction"
"WOS:000312234601047","2012","BIM Application and practice with Rhino -A Case Study of Steel Construction in Datong Library"
"WOS:000313411400008","2012","Use of BIM for Effective Visualization Teaching Approach in Construction Education"
"WOS:000313411400010","2012","BIM-Enabled Virtual and Collaborative Construction Engineering and Management"
"WOS:000380250103060","2012","AC 2012-3029: BIMING CONSTRUCTION ENGINEERING CURRICULA"
"WOS:000380250106075","2012","BIM TEACHING STRATEGY FOR CONSTRUCTION ENGINEERING STUDENTS"
"WOS:000380253706018","2012","USING BIM TO TEACH DESIGN AND CONSTRUCTION OF SUSTAINABLE BUILDINGS"
"WOS:000339411600364","2013","Application of BIM in Construction and Analysis of Obstacles"
"WOS:000339411600386","2013","Construction Information Management Based on BIM Technology"
"WOS:000361239600003","2013","Building Information Modeling (BIM): A new paradigm for quality of life within Architectural, Engineering and Construction (AEC) industry"
"WOS:000363258100061","2013","Building Information Modeling (BIM) and the Construction Management Body of Knowledge"
"WOS:000371647300123","2013","BIM: INTEROPERABILITY FOR SUSTAINABILITY ANALYSIS IN CONSTRUCTION"
"WOS:000315933100020","2013","Building Information Modeling (BIM) partnering framework for public construction projects"
"WOS:000339463301318","2013","Research on BIM technology application in the construction of a subway station"
"WOS:000319283600205","2013","Integration of Construction Investment and Progress Control Based on BIM"
"WOS:000320567900064","2013","Construction of the Information Model of Ancient Architecture Components Based on BIM - A Case Study Of bracket sets"
"WOS:000320906300005","2013","Towards cloud Augmented Reality for construction application by BIM and SNS integration"
"WOS:000320906300007","2013","A framework for proactive construction defect management using BIM, augmented reality and ontology-based data collection template"
"WOS:000339463301320","2013","BIM technology application in the construction industry in china current situation and developmental disabilities research"
"WOS:000318828500004","2013","A cloud approach to unified lifecycle data management in architecture, engineering, construction and facilities management: Integrating BIMs and SNS"
"WOS:000325742500024","2013","Generating construction schedules through automatic data extraction using open BIM (building information modeling) technology"
"WOS:000327574100013","2013","BIM implementation throughout the UK construction project lifecycle: An analysis"
"WOS:000329353500125","2013","Green Transportation Hub Construction Based on VDC/BIM Technology"
"WOS:000329441900017","2013","ADOPTION PROCESSES FOR EDM, EDI AND BIM TECHNOLOGIES IN THE CONSTRUCTION INDUSTRY"
"WOS:000329679801137","2013","Construction Project Cost Management Based on BIM Technology"
"WOS:000329679801211","2013","Discussing the Influence of BIM for the Construction Project Cost"
"WOS:000329679801259","2013","Research on BIM-based Construction Project Organization Interface Management"
"WOS:000312233700016","2013","Building Information Modeling (BIM) and Safety: Automatic Safety Checking of Construction Models and Schedules"
"WOS:000352079100035","2013","Construction health and safety, BIM and cloud technology"
"WOS:000332232200001","2013","Enhancing Knowledge Sharing Management Using BIM Technology in Construction"
"WOS:000315933100023","2013","Integrating BIM and GIS to improve the visual monitoring of construction supply chain management"
"WOS:000375255607028","2013","Energy modeling/Simulation Using the BIM technology in the Curriculum of Architectural and Construction Engineering and Management"
"WOS:000316550900008","2013","Generic Model for Measuring Benefits of BIM as a Learning Tool in Construction Tasks"
"WOS:000336106800355","2013","Study on Technical Disclosure in Construction Based on BIM"
"WOS:000375256303007","2013","From BIM to Collaboration: A Proposed Integrated Construction curriculum"
"WOS:000217423000011","2013","Analysis of BIM application relationship with integration degree of construction environment"
"WOS:000383779704072","2014","Effectiveness of Green-BIM Teaching Method in Construction Education Curriculum"
"WOS:000210032400016","2014","A REVIEW OF CLOUD-BASED BIM TECHNOLOGY IN THE CONSTRUCTION SECTOR"
"WOS:000332152700019","2014","Preliminary study for performance analysis of BIM-based building construction simulation system"
"WOS:000332698400024","2014","Optimization of the volume reconstruction for classical Tomo-PIV algorithms (MART, BIMART and SMART): synthetic and experimental studies"
"WOS:000334949600005","2014","CONSTRUCTION 3D BIM-BASED KNOWLEDGE MANAGEMENT SYSTEM: A CASE STUDY"
"WOS:000335859300078","2014","Integration of Agents in the Construction of a Single-Family House Through use of BIM Technology"
"WOS:000337114400297","2014","Lean Cost Analysis Based on BIM Modeling for Construction Project"
"WOS:000337485500060","2014","Research on Comprehensive Budget Management of Construction Enterprises Supported by BIM Technology"
"WOS:000337642400085","2014","Enhancing Interoperability of Construction Data for Managing Integrated Active BIM Features"
"WOS:000339031501258","2014","Strategies in using Building Information Modeling(BIM) to solve Problems in Project Management of Chinese Construction Enterprises"
"WOS:000339531701277","2014","The analysis of barriers of development of China's construction industry BIM"
"WOS:000339531701286","2014","Building information modeling (BIM) should be promoted in Construction firm"
"WOS:000339531800245","2014","Application of BIM technology in green building engineering construction"
"WOS:000341370100001","2014","Using BIM to Improve the Design and Construction of Bridge Projects: A Case Study of a Long-span Steel-box Arch Bridge Project (Retracted article. See vol. 12, 96, 2015)"
"WOS:000341370400001","2014","A Framework for BIM-enabled Life-cycle Information Management of Construction Project"
"WOS:000341478500008","2014","A BIM-based construction quality management model and its applications"
"WOS:000342830300008","2014","Framework for Work-Space Planning Using Four-Dimensional BIM in Construction Projects"
"WOS:000343806604010","2014","Succeeding with Building Information Modeling: A Case Study of BIM Diffusion in a Healthcare Construction Project"
"WOS:000345282400002","2014","Impacts of Isomorphic Pressures on BIM Adoption in Construction Projects"
"WOS:000346752100126","2014","A Propose Study of Developing Building Information Modelling (BIM) Framework in the Malaysian Construction Industry"
"WOS:000348897600282","2014","BIM technology in the application and development of China's construction industry"
"WOS:000352706200045","2014","Research on 3DGIS and BIM Integrated Application in Smart City Construction"
"WOS:000360951700046","2014","Enhancing Communication in Construction Industry Through BIM"
"WOS:000365049600009","2014","RESEARCH ON BIM-BASED 4D SIMULATION CONSTRUCTION MANAGEMENT OF SUBWAY STATION WITH PBA METHOD"
"WOS:000371314000015","2014","Development of a BIM-based automated construction system"
"WOS:000371314000040","2014","BIM-based intelligent acquisition of construction information for cost estimation of building projects"
"WOS:000371314000056","2014","The impact of BIM on risk management as an argument for its implementation in a construction company"
"WOS:000371314000058","2014","BIM and QR-code. A synergic application in construction site management"
"WOS:000398023100028","2014","Is BIM Adoption Advantageous for Construction Industry of Pakistan?"
"WOS:000380581900001","2015","BIM-based construction technology life-cycle management"
"WOS:000380581900002","2015","Application of BIM in construction engineering information integration and management"
"WOS:000380955400015","2015","Integration of Building Information Modeling (BIM) and Laser Scanning in Construction Industry"
"WOS:000381088400025","2015","Collaborative Construction Schedule and Management Based on BIM Theory"
"WOS:000358679700058","2015","Challenges of implementing new technologies in the world of BIM - Case study from construction engineering industry in Finland"
"WOS:000358612700001","2015","Using BIM to Improve the Design and Construction of Bridge Projects: A Case Study of a Long-span Steel-box Arch Bridge Project (Retraction of vol 11, 125, 2014)"
"WOS:000357980300011","2015","Building Information Modelling (BIM) and Unmanned Aerial Vehicle (UAV) technologies in infrastructure construction project management and delay and disruption analysis"
"WOS:000215444500008","2015","BIM and construction contracts - CPC 2013's approach"
"WOS:000347578900004","2015","The value of integrating Scan-to-BIM and Scan-vs-BIM techniques for construction monitoring using laser scanning and BIM: The case of cylindrical MEP components"
"WOS:000353848400004","2015","BIM-based integrated approach for detailed construction scheduling under resource constraints"
"WOS:000371913000184","2015","Study on trade-off of time-cost-quality in construction project based on BIM"
"WOS:000372317300064","2015","A BIM Platform for Offsite Timber Construction"
"WOS:000361212600005","2015","A CONCEPT FOR AUTOMATED CONSTRUCTION PROGRESS MONITORING USING BIM-BASED GEOMETRIC CONSTRAINTS AND PHOTOGRAMMETRIC POINT CLOUDS"
"WOS:000361212600007","2015","BIM ON THE CONSTRUCTION SITE: PROVIDING HIDDEN INFORMATION ON TASK SPECIFIC DRAWINGS"
"WOS:000353891500005","2015","BIM-Based Construction Scheduling Method Using Optimization Theory for Reducing Activity Overlaps"
"WOS:000374759700013","2015","BIM and Sustainable Construction Integration: An IFC-Based Model"
"WOS:000361578000004","2015","Real time progress management: Re-engineering processes for cloud-based BIM in construction"
"WOS:000362305400001","2015","Effective digital collaboration in the construction industry - A case study of BIM deployment in a hospital construction project"
"WOS:000353848400001","2015","Extending BIM interoperability to preconstruction operations using geospatial analyses and semantic web services"
"WOS:000352727000030","2015","VALIDATION OF BIM COMPONENTS BY PHOTOGRAMMETRIC POINT CLOUDS FOR CONSTRUCTION SITE MONITORING"
"WOS:000375567700047","2015","A BIM-Based Conversion Method to Calculate Carbon Emissions of Local Construction Materials by Using Overseas Life Cycle Database"
"WOS:000376283500010","2015","Construction management and design of infrastructure. BIM and CIM. New approaches and new opportunity for the engineer of tomorrow"
"WOS:000362618100001","2015","A BIM-aided construction waste minimisation framework"
"WOS:000362618100002","2015","A BIM-based automated site layout planning framework for congested construction sites"
"WOS:000362627100002","2015","Study on BIM-based construction project cost and schedule risk early warning"
"WOS:000363088800016","2015","Demystifying Construction Project Time-Effort Distribution Curves: BIM and Non-BIM Comparison"
"WOS:000353848400005","2015","Appearance-based material classification for monitoring of operation-level construction progress using 4D BIM and site photologs"
"WOS:000358684200040","2015","The application of BIM technology in the construction of Hangzhou Zizhi tunnel"
"WOS:000360311800007","2015","Integrating BIM and LiDAR for Real-Time Construction Quality Control"
"WOS:000366769500014","2015","Formalized knowledge of construction sequencing for visual monitoring of work-in-progress via incomplete point clouds and low-LoD 4D BIMs"
"WOS:000360311800016","2015","A BIM-based Code Compliance Checking Process of Deep Foundation Construction Plans"
"WOS:000367769800017","2015","Waste minimisation through deconstruction: A BIM based Deconstructability Assessment Score (BIM-DAS)"
"WOS:000359818900219","2015","Exploration of Sustainable Design of Architectural Engineering and Construction Project base on BIM"
"WOS:000352727000003","2015","GRAMMAR-SUPPORTED 3D INDOOR RECONSTRUCTION FROM POINT CLOUDS FOR ""AS-BUILT"" BIM"
"WOS:000351473700010","2015","BIM Energy Modeling: Case Study of a Teaching Module for Sustainable Design and Construction Courses"
"WOS:000348656200007","2015","Use of BIM approach to enhance construction interface management: a case study"
"WOS:000348012100004","2015","BIM-based fall hazard identification and prevention in construction safety planning"
"WOS:000361112900163","2015","BIM Simulation Method for Construction Development About the Deep Excavation"
"WOS:000380380800036","2015","Profile of Building Information Modeling - BIM - Tools Maturity in Brazilian Civil Construction Scenery"
"WOS:000380380800037","2015","Potential of Building Information Modeling - BIM - Tools Inside Brazilian Civil Construction Scenery"
"WOS:000380437800006","2015","HBIM AND AUGMENTED INFORMATION: TOWARDS A WIDER USER COMMUNITY OF IMAGE AND RANGE-BASED RECONSTRUCTIONS"
"WOS:000380437800048","2015","PARAMETRIC WORKFLOW (BIM) FOR THE REPAIR CONSTRUCTION OF TRADITIONAL HISTORIC ARCHITECTURE IN TAIWAN"
"WOS:000380488800065","2015","Agile PM and BIM: A hybrid scheduling approach for a technological construction project"
"WOS:000380488800068","2015","BIM level of detail for construction site design"
"WOS:000380490000010","2015","BIM on the construction site: Generating on demand, task specific drawings in the site office"
"WOS:000380490000011","2015","A BIM model to visualize quality risks in construction projects"
"WOS:000380490000013","2015","BIM in planning deconstruction projects"
"WOS:000380490000016","2015","Towards automated construction progress monitoring using BIM-based point cloud processing"
"WOS:000346341900003","2015","Sociotechnical Systems Approach to BIM Implementation in a Multidisciplinary Construction Context"
"WOS:000218623100009","2015","EFFECTS OF PERCEPTIONS ON BIM ADOPTION IN MALAYSIAN CONSTRUCTION INDUSTRY"
"WOS:000380490000113","2015","BIM as relational database for construction management"
"WOS:000380495100053","2015","Functional assessment of BIM methodology based on implementation in design and construction company"
"WOS:000380499900007","2015","Challenges of BIM for Construction Site Operations"
"WOS:000356732100011","2015","How Far Can BIM Reduce Information Asymmetry in the Australian Construction Context?"
"WOS:000354095600008","2015","BIM Acceptance Model in Construction Organizations"
"WOS:000410241200013","2015","THE USE OF BIM TECHNOLOGY IN ARCHITECTURAL DESIGN SCHOOL BUILDINGS AND CONSTRUCTIONS"
"WOS:000409709000003","2015","Innovation Performance Study on the Construction Safety of Urban Subway Engineering Based on Bayesian Network: A Case Study of BIM Innovation Project"
"WOS:000359861800290","2015","A New Approach for Construction Engineering Design Management Research Based on BIM"
"WOS:000214977000008","2015","BIM-BASED QUALITY CONTROL FOR SAFETY ISSUES IN THE DESIGN AND CONSTRUCTION PHASES"
"WOS:000380526800024","2015","A new construction education pattern with BIM: the perspective of ""Mobius"""
"WOS:000391590900072","2016","A BIM-based construction supply chain framework for monitoring progress and coordination of site activities"
"WOS:000391590900074","2016","Acceptance of construction scheduling visualizations: bar-charts, flowline-charts, or perhaps BIM?"
"WOS:000391590900075","2016","The effects of BIM and lean construction on design management practices"
"WOS:000391718500006","2016","Application of BIM-based 5D construction technique to Chenglang Bridge"
"WOS:000391718500042","2016","Schedule Management in Underground Municipal Pipe Network Construction Based on BIM Technology"
"WOS:000392471800035","2016","Developing Managerial and Digital Competencies Trough BIM Technologies in Construction Industry"
"WOS:000392593700023","2016","REVIEWING THE USEFULNESS OF BIM ADOPTION IN IMPROVING SAFETY ENVIRONMENT OF CONSTRUCTION PROJECTS"
"WOS:000393315900079","2016","The application and exploration of the foundation construction management in high-rise building based on BIM technology"
"WOS:000397931600016","2016","Case Study of Construction Cost Estimation in China Electric Power Industry Based on BIM Technology"
"WOS:000404459600078","2016","Integrating BIM and agent-based modelling for construction operational optimization-a LBS approach"
"WOS:000366766800044","2016","Construction safety risk drivers: A BIM approach"
"WOS:000366771800002","2016","A financial decision making framework for construction projects based on 5D Building Information Modeling (BIM)"
"WOS:000368017500004","2016","New UK code sets out how to link design, construction and operation through BIM"
"WOS:000371186800018","2016","FMTI Digital Planning and Construction Phased Plan for Execution of Building Information Modeling (BIM)"
"WOS:000372676300019","2016","Quantification of construction waste prevented by BIM-based design validation: Case studies in South Korea"
"WOS:000372809000012","2016","Near-Miss Information Visualization Tool in BIM for Construction Safety"
"WOS:000374581900101","2016","Research on the Integration of Lean Construction and BIM and a Case Study in Shanghai Tower Project"
"WOS:000374868100005","2016","Preparation of Synthetic As-Damaged Models for Post-Earthquake BIM Reconstruction Research"
"WOS:000375151200008","2016","BIM-BASED RISK IDENTIFICATION SYSTEM IN TUNNEL CONSTRUCTION"
"WOS:000376694600007","2016","Ontology-based semantic approach for construction-oriented quantity take-off from BIM models in the light-frame building industry"
"WOS:000376698600021","2016","Construction risk knowledge management in BIM using ontology and semantic web technology"
"WOS:000376975300100","2016","Research on the Impacts of BIM on Information Exchange between Stakeholders in Construction Project"
"WOS:000377352200011","2016","Integration of Construction Worker Safety in Design Through the Use of BIM"
"WOS:000378549400014","2016","Potential Improvement of Building Information Modeling (BIM) Implementation in Malaysian Construction Projects"
"WOS:000378549400015","2016","Investigating the Potential of Delivering Employer Information Requirements in BIM Enabled Construction Projects in Qatar"
"WOS:000378549400016","2016","Roles and Responsibilities of Construction Players in Projects Using Building Information Modeling (BIM)"
"WOS:000378549400018","2016","Comparing BIM in Construction with 3D Modeling in Shipbuilding Industries: Is the Grass Greener on the Other Side?"
"WOS:000378863600007","2016","Case Study of BIM and Cloud-Enabled Real-Time RFID Indoor Localization for Construction Management Applications"
"WOS:000379371100010","2016","A linked data system framework for sharing construction defect information using ontologies and BIM environments"
"WOS:000379841900008","2016","BIM pilot project Auenbach viaduct - Innovative design methods in bridge construction"
"WOS:000380374500006","2016","DEVELOPING CONSTRUCTION DEFECT MANAGEMENT SYSTEM USING BIM TECHNOLOGY IN QUALITY INSPECTION"
"WOS:000381411600002","2016","Enhancing collaboration in BIM-based construction networks through organisational discontinuity theory: a case study of the new Royal Adelaide Hospital"
"WOS:000381692000006","2016","BIM for construction safety improvement in Gaza strip: awareness, applications and barriers"
"WOS:000383223200105","2016","Identifying Critical Success Factors (CSFs) of Implementing Building Information Modeling (BIM) In Malaysian Construction Industry"
"WOS:000383266600090","2016","Construction Project Design Optimization Platform Research Based on BIM"
"WOS:000383946300132","2016","Information management in the application of BIM in construction. The roles and functions of the participants of the construction process"
"WOS:000383946300133","2016","Information management in the application of BIM in construction. Stages of construction"
"WOS:000384838900002","2016","SUPPORTING KNOWLEDGE-INTENSIVE CONSTRUCTION MANAGEMENT TASKS IN BIM"
"WOS:000384838900006","2016","CULTURE CHANGE IN CONSTRUCTION INDUSTRY: FROM 2D TOWARD BIM BASED CONSTRUCTION"
"WOS:000384838900013","2016","BIM LABORATORY EXERCISES FOR A MEP SYSTEMS COURSE IN A CONSTRUCTION SCIENCE AND MANAGEMENT PROGRAM"
"WOS:000384838900014","2016","LASER SCANNING TECHNOLOGY AND BIM IN CONSTRUCTION MANAGEMENT EDUCATION"
"WOS:000384838900015","2016","PEDAGOGY AND ASSESSMENT OF STUDENT LEARNING IN BIM AND SUSTAINABLE DESIGN AND CONSTRUCTION"
"WOS:000384838900017","2016","BIM CURRICULUM DESIGN IN ARCHITECTURE, ENGINEERING, AND CONSTRUCTION EDUCATION: A SYSTEMATIC REVIEW"
"WOS:000384851600007","2016","Implementation of an interoperable process to optimise design and construction phases of a residential building: A BIM Pilot Project"
"WOS:000385266900059","2016","Application of BIM for Safety Management During Construction"
"WOS:000385790000130","2016","THE SINGLE FACTOR INFLUENCE MODEL AND BIM FUSION TECHNOLOGY RESEARCH OF CONSTRUCTION PROGRESS"
"WOS:000385792200070","2016","The combined use of Building Information Modelling (BIM) and Unmanned Aerial Vehicle (UAV) Technologies for the 3D illustration of the progress of works in infrastructure construction projects"
"WOS:000385897600053","2016","The Analysis of Problems in Cost Management of Construction Project in Every Stage and Application of BIM"
"WOS:000386718500016","2016","How can BIM support Construction Safety Management? Development of SIM"
"WOS:000386718500020","2016","Transformation of Malaysian Construction Industry with Building Information Modelling (BIM)"
"WOS:000387531600019","2016","Integration of BIM in construction management education: an overview of Pakistani Engineering universities"
"WOS:000387531600143","2016","Exploring the Adoption of BIM in the UAE construction industry for AEC firms"
"WOS:000387531600164","2016","Knowledge Management in Construction using a SocioBIM Platform: A Case Study of AYO Smart Home Project"
"WOS:000387531600186","2016","BIM-enabled Modular and Industrialized Construction in China"
"WOS:000387566500029","2016","Building Information Modeling (BIM) Use in Turkish Construction Industry"
"WOS:000388365500092","2016","Research on BIM implementation plan in construction enterprise"
"WOS:000389279904022","2016","Automation of Construction Quantity Take-Off: Using Building Information Modeling (BIM)"
"WOS:000389279905003","2016","Role of BIM and 3D Laser Scanning on Job Sites from the Perspective of Construction Project Management Personnel"
"WOS:000389279905016","2016","A Wireless Tracking System Integrated with BIM for Indoor Construction Applications"
"WOS:000389316200027","2016","BIM-Integrated Construction Operation Simulation for Just-In-Time Production Management"
"WOS:000389617000026","2016","Interaction between Lean Construction and the working method BIM using the example of application of visualization and modelling of the construction process"
"WOS:000390059500157","2016","COLLINEAR FORCE AND FREQUENCY ANALYSIS OF A VIADUCT PILE FOUNDATION CONSTRUCTION PROJECT: A CASE STUDY ON THE APPLICATION OF BIM TECHNOLOGY"
"WOS:000390302000058","2016","BIM technology diffusion study in construction enterprises based on Bass model"
"WOS:000390695300005","2016","Bridging the gap: bringing BIM to construction workers"
"WOS:000390843100169","2016","BIM-based Collaborative Schedule Management System for the Construction Industry"
"WOS:000390843800125","2016","Research on Developmental Trend of BIM Technology of Construction Project under Big Data and Internet Background"
"WOS:000390843800126","2016","Analysis on the CAD and BIM Techniques and the Applications on Construction Engineering under the Collaborative Research Background and Evolution"
"WOS:000390857900046","2016","BIM Technology Application in the Exploration of Super High-rise Office Building Project in Civil Construction"
"WOS:000391590900062","2016","BIM and safety rules based automated identification of unsafe design factors in construction"
"WOS:000398724700018","2016","BIM-Based Employment Guarantee mode for Migrant Workers in Chinese Construction Industry"
"WOS:000398964800019","2016","BIM virtual construction technology applied in project management"
"WOS:000398964800092","2016","Advantages and Implementation Steps of BIM-based Construction Project Management"
"WOS:000399016600087","2016","INCREASE THE EFFICIENCY IN SUSTAINABLE CONSTRUCTION USING BIM"
"WOS:000402064400065","2016","Tracking Changes in Buildings over Time Fully Automated Reconstruction and Difference Detection of 3d Scan and BIM files"
"WOS:000402984700111","2016","Research on the Whole Process Cost Management of University Capital Construction Based on BIM"
"WOS:000404459600065","2016","A review of resource based view in the construction industry: A BIM case as a strategic resource"
"WOS:000404459600077","2016","Managing constructability on a construction stage: BIM methods"
"WOS:000405269000090","2016","Optimize bridge construction process based on BIM technology"
"WOS:000417330207132","2016","BIM METHODOLOGY IMPLEMENTATION IN THE SCHOOL OF BUILDING CONSTRUCTION AT THE TECHNICAL UNIVERSITY OF MADRID"
"WOS:000399998200084","2017","Research on Construction Schedule Management Based on BIM Technology"
"WOS:000399998200085","2017","Study on Construction Quality Control of Urban Complex Project Based on BIM"
"WOS:000400227200074","2017","Application of nD BIM Integrated Knowledge-based Building Management System (BIM-IKBMS) for inspecting post-construction energy efficiency"
"WOS:000400798700006","2017","Construction of Bridges with BIM Innovative Planning Methods with many Opportunities"
"WOS:000401687600002","2017","BIM in Building and Infrastructure Construction"
"WOS:000393677100007","2017","Benchmark Alberta's architectural, engineering, and construction industry knowledge of building information modelling (BIM)"
"WOS:000402885000008","2017","Rent-seeking behavior of BIM-and IPD-based construction project in China"
"WOS:000418559100071","2017","A Systematic Method of Integrating BIM and Sensor Technology for Sustainable Construction Design"
"WOS:000403778000005","2017","A LITERATURE REVIEW OF THE FACTORS LIMITING THE APPLICATION OF BIM IN THE CONSTRUCTION INDUSTRY"
"WOS:000404035000007","2017","BIM in Design and Construction"
"WOS:000404058900072","2017","The Role of BIM in Simplifying Construction Permits in Kuwait"
"WOS:000418465300140","2017","Ontology of BIM in a Construction Project Life Cycle"
"WOS:000418465300074","2017","BIM-based Applications of Metaheuristic Algorithms to Support the Decision-making Process: Uses in the Planning of Construction Site Layout"
"WOS:000397269300007","2017","Framework of Automated Construction-Safety Monitoring Using Cloud-Enabled BIM and BLE Mobile Tracking Sensors"
"WOS:000404607800075","2017","The Application of BIM Technology in Building Construction Quality Management and Talent Training"
"WOS:000404873600088","2017","The construction of BIM application value system for residential buildings' design stage in China based on traditional DBB mode"
"WOS:000418465300060","2017","BIM-based code checking for construction health and safety"
"WOS:000405314300034","2017","Research on the Application of BIM Technology in Tunnel Project Construction"
"WOS:000405329900009","2017","BIM and the small construction firm: a critical perspective"
"WOS:000405992100033","2017","Application Method of BIM Technology in Green Engineering Construction"
"WOS:000405992300086","2017","Virtual construction method and application of building construction process based on BIM technology"
"WOS:000405993100383","2017","The Application of BIM Technology in Simulation Modeling of Concrete Dam Construction"
"WOS:000407068200016","2017","BIM TECHNOLOGY AND EXPERIENCE OF THEIR INTRODUCTION INTO EDUCATIONAL PROCESS FOR TRAINING BACHELOR STUDENTS OF MAJOR 08.03.01 ""CONSTRUCTION"""
"WOS:000407081300038","2017","ASSESSING EDUCATIONAL APPROACHES TO BUILDING INFORMATION MODELLING (BIM) AT CONSTRUCTION MANAGEMENT MASTER STUDIES IN CROATIA"
"WOS:000407175900002","2017","BIM in navigable waterway construction"
"WOS:000408058600003","2017","Impacts of building information modeling (BIM) implementation on design and construction performance: a resource dependence theory perspective"
"WOS:000409067500119","2017","Quality Control of a Complex Lean Construction Project Based on KanBIM Technology"
"WOS:000409345500056","2017","Stimulating a Sustainable Construction through Holistic BIM Adoption: The Root Causes of Recurring Low BIM Adoption in Malaysia"
"WOS:000395221400002","2017","WBS-based dynamic multi-dimensional BIM database for total construction as-built documentation"
"WOS:000394978700001","2017","Discriminant model of BIM acceptance readiness in a construction organization"
"WOS:000410698400006","2017","BIM - New rules of measurement ontology for construction cost estimation"
"WOS:000410916200006","2017","Diagnostic and Assessment Benefits and Barriers of BIM in Construction Project Management"
"WOS:000410991100004","2017","The Application and Exploration of the TSTL in Construction Management Based on BIM"
"WOS:000411535800006","2017","Collaboration in BIM-based construction networks: A bibliometric-qualitative literature review"
"WOS:000411544400090","2017","Integrating RFID and BIM technologies for mitigating risks and improving schedule performance of prefabricated house construction"
"WOS:000412612100034","2017","Recognition of process patterns for BIM-based construction schedules"
"WOS:000412761900003","2017","USING BUILDING INFORMATION MODEL (BIM) DEVICES TO IMPROVE INFORMATION FLOW AND COLLABORATION ON CONSTRUCTION SITES"
"WOS:000413359000002","2017","Spanning the multilevel boundaries of construction organisations Towards the delivery of BIM-compliant projects"
"WOS:000413841200003","2017","BIM: construction needs to catch up with three-dimensional computer-aided design first"
"WOS:000414083700012","2017","Application Research on Monitoring Cloud Platform of Bridge Construction Based on BIM"
"WOS:000414664000005","2017","Spoken dialogue BIM systems - an application of big data in construction"
"WOS:000414863400068","2017","Research on Fine Management of Construction Cost Based on BIM"
"WOS:000415239100005","2017","Implementation of 4D/BIM in the Iraqi construction industry"
"WOS:000415706200006","2017","The adoption of 4D BIM in the UK construction industry: an innovation diffusion approach"
"WOS:000416087900214","2017","Construction of green building material management system based on BIM Technology"
"WOS:000416096300078","2017","Research on BIM Technology Modeling Method in Construction of Bridge Engineering"
"WOS:000416096300095","2017","Research on BIM Technology in Construction Safety & Emergency Management"
"WOS:000416097700027","2017","The Application of BIM Technology in Reconstruction of a Basement"
"WOS:000416378300231","2017","APPLICATION OF BIM TECHNOLOGY IN DESIGN AND CONSTRUCTION: A CASE STUDY OF PHARMACEUTICAL INDUSTRIAL BASE OF AMINO ACID BUILDING PROJECT"
"WOS:000416482400009","2017","How Industry 4.0 and BIM are Shaping the Future of the Construction Environment"
"WOS:000416690100005","2017","Modelling paths of risks associated with BIM implementation in architectural, engineering and construction projects"
"WOS:000416761100003","2017","BIM and Lean Construction: The Evolution Obstacle in the Brazilian Civil Construction Industry"
"WOS:000416978300011","2017","Optimization Model of BIM-based Three-dimensional Reconstruction Technology and Engineering Model of Visual Perception"
"WOS:000418340700255","2017","Application of BIM Technology Based on Autodesk Revit in Construction and Installation Engineering"
"WOS:000397353900006","2017","BIM-based method calculation of auxiliary materials required in housing construction"
"WOS:000398636300006","2017","BIM in infrastructure construction of German Railway - prerequisites for a successful introduction"
"WOS:000417342700004","2017","Measurement of Construction BIM Value Based on a Case Study of a Large-Scale Building Project"
"WOS:000417399700002","2017","Critical BIM qualification criteria for construction pre-qualification and selection"
"WOS:000417428700110","2017","Utilization of BIM for automation of quantity takeoffs and cost estimation in transport infrastructure construction projects in the Czech Republic"
"WOS:000394664700013","2017","BIMiD-Reference-Construction-Process for free Disposal"
"WOS:000399580900007","2017","Where the Gaps Lie: Ten Years of Research into Collaboration on BIM- Enabled Construction Projects"
"WOS:000399862900009","2017","Editorial for IJPM special issue on advances in building information modeling (BIM) for construction projects"
"WOS:000399862900010","2017","Identifying and contextualising the motivations for BIM implementation in construction projects: An empirical study in China"
"WOS:000399862900012","2017","Understanding effects of BIM on collaborative design and construction: An empirical study in China"
